image_path,filename,is_forgery,num_keypoints,num_matches,num_inliers,inlier_ratio,transformation_type,processing_time
../MICC-F220/CRW_4809_scale.jpg,CRW_4809_scale.jpg,True,4132,359,45,0.12534818941504178,scaling_down_rotation_translation,0.10074162483215332
../MICC-F220/CRW_4810_scale.jpg,CRW_4810_scale.jpg,False,3849,295,19,0.06440677966101695,none,0.08597588539123535
../MICC-F220/CRW_4814_scale.jpg,CRW_4814_scale.jpg,False,3128,183,22,0.12021857923497267,none,0.07542920112609863
../MICC-F220/CRW_4815_scale.jpg,CRW_4815_scale.jpg,False,3564,337,24,0.0712166172106825,none,0.08098196983337402
../MICC-F220/CRW_4817_scale.jpg,CRW_4817_scale.jpg,False,3269,287,22,0.07665505226480836,none,0.0748898983001709
../MICC-F220/CRW_4818_scale.jpg,CRW_4818_scale.jpg,False,3368,215,37,0.17209302325581396,none,0.07685708999633789
../MICC-F220/CRW_4820_scale.jpg,CRW_4820_scale.jpg,False,2395,202,34,0.16831683168316833,none,0.0629873275756836
../MICC-F220/CRW_4821_scale.jpg,CRW_4821_scale.jpg,False,2213,115,16,0.1391304347826087,none,0.05981135368347168
../MICC-F220/CRW_4822_scale.jpg,CRW_4822_scale.jpg,False,5272,206,28,0.13592233009708737,none,0.10468053817749023
../MICC-F220/CRW_4823_scale.jpg,CRW_4823_scale.jpg,False,3740,163,31,0.1901840490797546,none,0.08268189430236816
../MICC-F220/CRW_4825_scale.jpg,CRW_4825_scale.jpg,False,3727,174,41,0.23563218390804597,none,0.08325362205505371
../MICC-F220/CRW_4827_scale.jpg,CRW_4827_scale.jpg,False,2343,263,14,0.053231939163498096,none,0.06391119956970215
../MICC-F220/CRW_4829_scale.jpg,CRW_4829_scale.jpg,True,2379,162,18,0.1111111111111111,rotation_scaling_translation,0.06195402145385742
../MICC-F220/CRW_4830_scale.jpg,CRW_4830_scale.jpg,False,3596,169,31,0.1834319526627219,none,0.07913041114807129
../MICC-F220/CRW_4831_scale.jpg,CRW_4831_scale.jpg,False,4149,206,53,0.25728155339805825,rotation_translation,0.08856987953186035
../MICC-F220/CRW_4833_scale.jpg,CRW_4833_scale.jpg,False,3116,264,24,0.09090909090909091,none,0.07368946075439453
../MICC-F220/CRW_4834_scale.jpg,CRW_4834_scale.jpg,False,2509,118,34,0.288135593220339,none,0.06198453903198242
../MICC-F220/CRW_4835_scale.jpg,CRW_4835_scale.jpg,False,5195,140,42,0.3,none,0.09981608390808105
../MICC-F220/CRW_4836_scale.jpg,CRW_4836_scale.jpg,False,2092,131,8,0.061068702290076333,none,0.05814671516418457
../MICC-F220/CRW_4838_scale.jpg,CRW_4838_scale.jpg,False,3823,164,34,0.2073170731707317,none,0.08328604698181152
../MICC-F220/CRW_4839_scale.jpg,CRW_4839_scale.jpg,False,3324,138,39,0.2826086956521739,none,0.0727229118347168
../MICC-F220/CRW_4840_scale.jpg,CRW_4840_scale.jpg,False,4900,155,45,0.2903225806451613,none,0.09651565551757812
../MICC-F220/CRW_4841_scale.jpg,CRW_4841_scale.jpg,False,5721,187,43,0.22994652406417113,none,0.1095728874206543
../MICC-F220/CRW_4842_scale.jpg,CRW_4842_scale.jpg,False,3541,145,37,0.25517241379310346,none,0.07804512977600098
../MICC-F220/CRW_4848_scale.jpg,CRW_4848_scale.jpg,False,3008,321,18,0.056074766355140186,none,0.07083368301391602
../MICC-F220/CRW_4852_scale.jpg,CRW_4852_scale.jpg,False,2005,150,26,0.17333333333333334,none,0.05837607383728027
../MICC-F220/CRW_4853_scale.jpg,CRW_4853_scale.jpg,False,5485,272,65,0.23897058823529413,none,0.10734152793884277
../MICC-F220/CRW_4853tamp1.jpg,CRW_4853tamp1.jpg,False,5455,310,67,0.2161290322580645,none,0.1065058708190918
../MICC-F220/CRW_4853tamp131.jpg,CRW_4853tamp131.jpg,False,5493,304,67,0.22039473684210525,none,0.10672664642333984
../MICC-F220/CRW_4853tamp132.jpg,CRW_4853tamp132.jpg,False,5500,299,69,0.23076923076923078,none,0.1278836727142334
../MICC-F220/CRW_4853tamp133.jpg,CRW_4853tamp133.jpg,False,5502,305,64,0.2098360655737705,none,0.10801911354064941
../MICC-F220/CRW_4853tamp134.jpg,CRW_4853tamp134.jpg,False,5501,307,65,0.21172638436482086,none,0.10795879364013672
../MICC-F220/CRW_4853tamp176.jpg,CRW_4853tamp176.jpg,False,5526,312,65,0.20833333333333334,none,0.10744476318359375
../MICC-F220/CRW_4853tamp237.jpg,CRW_4853tamp237.jpg,False,5498,297,58,0.19528619528619529,none,0.10735821723937988
../MICC-F220/CRW_4853tamp25.jpg,CRW_4853tamp25.jpg,False,5461,296,62,0.20945945945945946,none,0.10764074325561523
../MICC-F220/CRW_4853tamp27.jpg,CRW_4853tamp27.jpg,False,5423,310,65,0.20967741935483872,none,0.1087486743927002
../MICC-F220/CRW_4853tamp37.jpg,CRW_4853tamp37.jpg,False,5452,329,68,0.2066869300911854,none,0.10954523086547852
../MICC-F220/CRW_4901_JFR_scale.jpg,CRW_4901_JFR_scale.jpg,False,517,70,11,0.15714285714285714,none,0.03610086441040039
../MICC-F220/CRW_4901_JFRtamp1.jpg,CRW_4901_JFRtamp1.jpg,True,551,83,18,0.21686746987951808,scaling_up_rotation_translation,0.03734087944030762
../MICC-F220/CRW_4901_JFRtamp131.jpg,CRW_4901_JFRtamp131.jpg,True,557,86,12,0.13953488372093023,scaling_up_rotation_translation,0.038353681564331055
../MICC-F220/CRW_4901_JFRtamp132.jpg,CRW_4901_JFRtamp132.jpg,True,550,78,14,0.1794871794871795,scaling_down_rotation_translation,0.037773847579956055
../MICC-F220/CRW_4901_JFRtamp133.jpg,CRW_4901_JFRtamp133.jpg,True,546,77,12,0.15584415584415584,scaling_down_rotation_translation,0.03735613822937012
../MICC-F220/CRW_4901_JFRtamp134.jpg,CRW_4901_JFRtamp134.jpg,True,551,84,14,0.16666666666666666,scaling_up_rotation_translation,0.03838515281677246
../MICC-F220/CRW_4901_JFRtamp176.jpg,CRW_4901_JFRtamp176.jpg,True,573,87,12,0.13793103448275862,scaling_down_rotation_translation,0.03701066970825195
../MICC-F220/CRW_4901_JFRtamp237.jpg,CRW_4901_JFRtamp237.jpg,True,564,86,11,0.12790697674418605,scaling_down_rotation_translation,0.036785125732421875
../MICC-F220/CRW_4901_JFRtamp25.jpg,CRW_4901_JFRtamp25.jpg,True,544,79,15,0.189873417721519,scaling_up_rotation_translation,0.03775668144226074
../MICC-F220/CRW_4901_JFRtamp27.jpg,CRW_4901_JFRtamp27.jpg,True,549,79,11,0.13924050632911392,scaling_down_rotation_translation,0.03741002082824707
../MICC-F220/CRW_4901_JFRtamp37.jpg,CRW_4901_JFRtamp37.jpg,True,540,80,14,0.175,scaling_up_rotation_translation,0.03790116310119629
../MICC-F220/DSCF10_scale.jpg,DSCF10_scale.jpg,False,3178,135,37,0.2740740740740741,none,0.08892703056335449
../MICC-F220/DSCF11_scale.jpg,DSCF11_scale.jpg,False,2592,138,32,0.2318840579710145,none,0.0754857063293457
../MICC-F220/DSCF12_scale.jpg,DSCF12_scale.jpg,False,4954,143,39,0.2727272727272727,none,0.10498166084289551
../MICC-F220/DSCF13_scale.jpg,DSCF13_scale.jpg,False,2317,185,46,0.24864864864864866,none,0.06792306900024414
../MICC-F220/DSCF14_scale.jpg,DSCF14_scale.jpg,False,4452,124,36,0.2903225806451613,none,0.10454487800598145
../MICC-F220/DSCF15_scale.jpg,DSCF15_scale.jpg,False,4357,105,32,0.3047619047619048,none,0.09516358375549316
../MICC-F220/DSCF16_scale.jpg,DSCF16_scale.jpg,False,3551,173,46,0.2658959537572254,none,0.08474469184875488
../MICC-F220/DSCF1853_scale.jpg,DSCF1853_scale.jpg,False,1681,90,11,0.12222222222222222,none,0.05901312828063965
../MICC-F220/DSCF18_scale.jpg,DSCF18_scale.jpg,False,3103,173,27,0.15606936416184972,none,0.07880520820617676
../MICC-F220/DSCF1_scale.jpg,DSCF1_scale.jpg,False,6253,172,57,0.3313953488372093,rotation_translation,0.12051582336425781
../MICC-F220/DSCF2059_scale.jpg,DSCF2059_scale.jpg,False,3270,143,40,0.27972027972027974,none,0.07955789566040039
../MICC-F220/DSCF2_scale.jpg,DSCF2_scale.jpg,False,2649,157,24,0.15286624203821655,none,0.07249212265014648
../MICC-F220/DSCF3_scale.jpg,DSCF3_scale.jpg,False,1462,127,29,0.2283464566929134,none,0.05723237991333008
../MICC-F220/DSCF4_scale.jpg,DSCF4_scale.jpg,False,1226,77,16,0.2077922077922078,none,0.05197906494140625
../MICC-F220/DSCF5_scale.jpg,DSCF5_scale.jpg,False,3018,170,40,0.23529411764705882,none,0.07743477821350098
../MICC-F220/DSCF6_scale.jpg,DSCF6_scale.jpg,False,1975,133,31,0.23308270676691728,none,0.0626533031463623
../MICC-F220/DSCF7_scale.jpg,DSCF7_scale.jpg,False,1694,73,15,0.2054794520547945,none,0.05934453010559082
../MICC-F220/DSCF8_scale.jpg,DSCF8_scale.jpg,False,4519,176,61,0.3465909090909091,rotation_translation,0.09682154655456543
../MICC-F220/DSCF8tamp1.jpg,DSCF8tamp1.jpg,False,4630,226,63,0.27876106194690264,rotation_translation,0.09940385818481445
../MICC-F220/DSCF8tamp131.jpg,DSCF8tamp131.jpg,False,4674,212,61,0.28773584905660377,rotation_translation,0.09954500198364258
../MICC-F220/DSCF8tamp132.jpg,DSCF8tamp132.jpg,False,4651,218,63,0.2889908256880734,rotation_translation,0.09850668907165527
../MICC-F220/DSCF8tamp133.jpg,DSCF8tamp133.jpg,False,4659,219,63,0.2876712328767123,rotation_translation,0.09917855262756348
../MICC-F220/DSCF8tamp134.jpg,DSCF8tamp134.jpg,False,4642,210,57,0.2714285714285714,rotation_translation,0.10155367851257324
../MICC-F220/DSCF8tamp176.jpg,DSCF8tamp176.jpg,False,4723,244,54,0.22131147540983606,none,0.10249018669128418
../MICC-F220/DSCF8tamp237.jpg,DSCF8tamp237.jpg,False,4715,223,63,0.2825112107623318,rotation_translation,0.10126948356628418
../MICC-F220/DSCF8tamp25.jpg,DSCF8tamp25.jpg,False,4672,241,62,0.2572614107883817,rotation_translation,0.10290741920471191
../MICC-F220/DSCF8tamp27.jpg,DSCF8tamp27.jpg,False,4713,219,63,0.2876712328767123,rotation_translation,0.09955811500549316
../MICC-F220/DSCF8tamp37.jpg,DSCF8tamp37.jpg,False,4696,244,67,0.27459016393442626,rotation_translation,0.1010124683380127
../MICC-F220/DSCF9_scale.jpg,DSCF9_scale.jpg,False,4345,163,44,0.26993865030674846,none,0.09625244140625
../MICC-F220/DSCN2320_scale.jpg,DSCN2320_scale.jpg,False,1871,77,23,0.2987012987012987,none,0.0587162971496582
../MICC-F220/DSCN2321_scale.jpg,DSCN2321_scale.jpg,False,1731,109,21,0.1926605504587156,none,0.05858874320983887
../MICC-F220/DSCN2322_scale.jpg,DSCN2322_scale.jpg,False,1485,44,10,0.22727272727272727,none,0.05569911003112793
../MICC-F220/DSCN2323_scale.jpg,DSCN2323_scale.jpg,False,1067,47,14,0.2978723404255319,none,0.04707837104797363
../MICC-F220/DSCN2324_scale.jpg,DSCN2324_scale.jpg,False,1650,70,15,0.21428571428571427,none,0.057923078536987305
../MICC-F220/DSCN2325_scale.jpg,DSCN2325_scale.jpg,False,56,6,4,0.6666666666666666,none,0.03023695945739746
../MICC-F220/DSCN2326_scale.jpg,DSCN2326_scale.jpg,False,701,42,8,0.19047619047619047,none,0.04550886154174805
../MICC-F220/DSCN2327_scale.jpg,DSCN2327_scale.jpg,False,519,28,6,0.21428571428571427,none,0.04256772994995117
../MICC-F220/DSCN2328_scale.jpg,DSCN2328_scale.jpg,False,1123,32,8,0.25,none,0.050347089767456055
../MICC-F220/DSCN2329_scale.jpg,DSCN2329_scale.jpg,False,1544,60,15,0.25,none,0.05765867233276367
../MICC-F220/DSCN41_scale.jpg,DSCN41_scale.jpg,False,1980,71,13,0.18309859154929578,none,0.06138277053833008
../MICC-F220/DSCN41tamp1.jpg,DSCN41tamp1.jpg,True,2018,100,23,0.23,rotation_scaling_translation,0.06306719779968262
../MICC-F220/DSCN41tamp131.jpg,DSCN41tamp131.jpg,True,2003,94,17,0.18085106382978725,scaling_up_rotation_translation,0.06297802925109863
../MICC-F220/DSCN41tamp132.jpg,DSCN41tamp132.jpg,True,2003,96,16,0.16666666666666666,scaling_down_rotation_translation,0.06331086158752441
../MICC-F220/DSCN41tamp133.jpg,DSCN41tamp133.jpg,True,2005,94,16,0.1702127659574468,scaling_down_rotation_translation,0.06222271919250488
../MICC-F220/DSCN41tamp134.jpg,DSCN41tamp134.jpg,True,2015,98,17,0.17346938775510204,scaling_up_rotation_translation,0.06213545799255371
../MICC-F220/DSCN41tamp176.jpg,DSCN41tamp176.jpg,True,2045,97,24,0.24742268041237114,scaling_up_rotation_translation,0.0632317066192627
../MICC-F220/DSCN41tamp237.jpg,DSCN41tamp237.jpg,True,2056,103,24,0.23300970873786409,scaling_down_rotation_translation,0.06308269500732422
../MICC-F220/DSCN41tamp25.jpg,DSCN41tamp25.jpg,True,2043,99,21,0.21212121212121213,scaling_up_rotation_translation,0.0630185604095459
../MICC-F220/DSCN41tamp27.jpg,DSCN41tamp27.jpg,True,2042,95,23,0.24210526315789474,scaling_up_rotation_translation,0.0632174015045166
../MICC-F220/DSCN41tamp37.jpg,DSCN41tamp37.jpg,True,2054,102,25,0.24509803921568626,scaling_down_rotation_translation,0.06282353401184082
../MICC-F220/DSCN43_scale.jpg,DSCN43_scale.jpg,False,1306,68,11,0.16176470588235295,none,0.05422568321228027
../MICC-F220/DSCN44_scale.jpg,DSCN44_scale.jpg,False,3628,109,24,0.22018348623853212,none,0.08842229843139648
../MICC-F220/DSCN45_scale.jpg,DSCN45_scale.jpg,False,3278,131,40,0.3053435114503817,none,0.07881784439086914
../MICC-F220/DSCN45tamp1.jpg,DSCN45tamp1.jpg,True,3381,207,85,0.4106280193236715,scaling_down_rotation_translation,0.07588505744934082
../MICC-F220/DSCN45tamp131.jpg,DSCN45tamp131.jpg,True,3385,188,55,0.2925531914893617,scaling_up_rotation_translation,0.08342838287353516
../MICC-F220/DSCN45tamp132.jpg,DSCN45tamp132.jpg,True,3365,173,55,0.3179190751445087,scaling_up_rotation_translation,0.0780794620513916
../MICC-F220/DSCN45tamp133.jpg,DSCN45tamp133.jpg,True,3353,173,48,0.2774566473988439,scaling_up_rotation_translation,0.08030223846435547
../MICC-F220/DSCN45tamp134.jpg,DSCN45tamp134.jpg,False,3380,170,42,0.24705882352941178,none,0.08270263671875
../MICC-F220/DSCN45tamp176.jpg,DSCN45tamp176.jpg,True,3512,198,61,0.30808080808080807,scaling_up_rotation_translation,0.08062553405761719
../MICC-F220/DSCN45tamp237.jpg,DSCN45tamp237.jpg,True,3501,173,48,0.2774566473988439,scaling_down_rotation_translation,0.08258342742919922
../MICC-F220/DSCN45tamp25.jpg,DSCN45tamp25.jpg,True,3503,204,82,0.4019607843137255,scaling_up_rotation_translation,0.07855367660522461
../MICC-F220/DSCN45tamp27.jpg,DSCN45tamp27.jpg,True,3542,193,66,0.34196891191709844,scaling_up_rotation_translation,0.08141732215881348
../MICC-F220/DSCN45tamp37.jpg,DSCN45tamp37.jpg,True,3562,207,88,0.4251207729468599,scaling_up_rotation_translation,0.07900238037109375
../MICC-F220/DSCN46_scale.jpg,DSCN46_scale.jpg,False,2469,90,18,0.2,none,0.07050919532775879
../MICC-F220/DSCN47_scale.jpg,DSCN47_scale.jpg,False,2281,84,15,0.17857142857142858,none,0.10160136222839355
../MICC-F220/DSCN48_scale.jpg,DSCN48_scale.jpg,False,2586,80,28,0.35,none,0.06701540946960449
../MICC-F220/DSCN49_scale.jpg,DSCN49_scale.jpg,False,6973,147,33,0.22448979591836735,none,0.13622593879699707
../MICC-F220/DSCN50_scale.jpg,DSCN50_scale.jpg,False,754,42,10,0.23809523809523808,none,0.04728269577026367
../MICC-F220/DSC_0535_scale.jpg,DSC_0535_scale.jpg,False,7021,171,49,0.28654970760233917,none,0.130509614944458
../MICC-F220/DSC_0535tamp1.jpg,DSC_0535tamp1.jpg,False,7038,206,49,0.23786407766990292,none,0.13293027877807617
../MICC-F220/DSC_0535tamp131.jpg,DSC_0535tamp131.jpg,False,7059,195,49,0.2512820512820513,none,0.13407206535339355
../MICC-F220/DSC_0535tamp132.jpg,DSC_0535tamp132.jpg,False,7054,196,50,0.25510204081632654,none,0.13381290435791016
../MICC-F220/DSC_0535tamp133.jpg,DSC_0535tamp133.jpg,False,7052,201,49,0.24378109452736318,none,0.13614606857299805
../MICC-F220/DSC_0535tamp134.jpg,DSC_0535tamp134.jpg,False,7052,197,50,0.25380710659898476,none,0.13835430145263672
../MICC-F220/DSC_0535tamp176.jpg,DSC_0535tamp176.jpg,False,7128,223,47,0.21076233183856502,none,0.13619470596313477
../MICC-F220/DSC_0535tamp237.jpg,DSC_0535tamp237.jpg,False,7131,203,48,0.23645320197044334,none,0.13598108291625977
../MICC-F220/DSC_0535tamp25.jpg,DSC_0535tamp25.jpg,False,7072,227,50,0.22026431718061673,none,0.13439178466796875
../MICC-F220/DSC_0535tamp27.jpg,DSC_0535tamp27.jpg,False,7094,228,54,0.23684210526315788,none,0.13968777656555176
../MICC-F220/DSC_0535tamp37.jpg,DSC_0535tamp37.jpg,False,7111,217,58,0.2672811059907834,rotation_translation,0.1357567310333252
../MICC-F220/DSC_0812_scale.jpg,DSC_0812_scale.jpg,False,625,55,11,0.2,none,0.04076743125915527
../MICC-F220/DSC_0812tamp1.jpg,DSC_0812tamp1.jpg,True,682,87,37,0.42528735632183906,rotation_translation,0.034671783447265625
../MICC-F220/DSC_0812tamp131.jpg,DSC_0812tamp131.jpg,True,688,96,30,0.3125,scaling_down_rotation_translation,0.03793978691101074
../MICC-F220/DSC_0812tamp132.jpg,DSC_0812tamp132.jpg,True,681,90,34,0.37777777777777777,scaling_down_rotation_translation,0.03658795356750488
../MICC-F220/DSC_0812tamp133.jpg,DSC_0812tamp133.jpg,True,684,85,33,0.38823529411764707,scaling_down_rotation_translation,0.03623199462890625
../MICC-F220/DSC_0812tamp134.jpg,DSC_0812tamp134.jpg,True,678,85,30,0.35294117647058826,scaling_down_rotation_translation,0.03635811805725098
../MICC-F220/DSC_0812tamp176.jpg,DSC_0812tamp176.jpg,True,720,95,38,0.4,scaling_down_rotation_translation,0.0356905460357666
../MICC-F220/DSC_0812tamp237.jpg,DSC_0812tamp237.jpg,True,730,97,38,0.3917525773195876,scaling_down_rotation_translation,0.03630375862121582
../MICC-F220/DSC_0812tamp25.jpg,DSC_0812tamp25.jpg,True,716,100,44,0.44,scaling_down_rotation_translation,0.03542923927307129
../MICC-F220/DSC_0812tamp27.jpg,DSC_0812tamp27.jpg,True,714,101,43,0.42574257425742573,scaling_down_rotation_translation,0.03550529479980469
../MICC-F220/DSC_0812tamp37.jpg,DSC_0812tamp37.jpg,True,728,93,40,0.43010752688172044,scaling_down_rotation_translation,0.0367436408996582
../MICC-F220/DSC_1535_scale.jpg,DSC_1535_scale.jpg,False,2297,90,9,0.1,none,0.0643308162689209
../MICC-F220/DSC_1535tamp1.jpg,DSC_1535tamp1.jpg,True,2319,116,21,0.1810344827586207,scaling_down_rotation_translation,0.06354403495788574
../MICC-F220/DSC_1535tamp131.jpg,DSC_1535tamp131.jpg,False,2318,110,8,0.07272727272727272,none,0.06314921379089355
../MICC-F220/DSC_1535tamp132.jpg,DSC_1535tamp132.jpg,True,2312,120,19,0.15833333333333333,scaling_down_rotation_translation,0.064239501953125
../MICC-F220/DSC_1535tamp133.jpg,DSC_1535tamp133.jpg,True,2320,119,24,0.20168067226890757,scaling_up_rotation_translation,0.06292104721069336
../MICC-F220/DSC_1535tamp134.jpg,DSC_1535tamp134.jpg,True,2317,108,18,0.16666666666666666,scaling_down_rotation_translation,0.0632479190826416
../MICC-F220/DSC_1535tamp176.jpg,DSC_1535tamp176.jpg,True,2324,119,18,0.15126050420168066,rotation_scaling_translation,0.06375956535339355
../MICC-F220/DSC_1535tamp237.jpg,DSC_1535tamp237.jpg,True,2324,111,17,0.15315315315315314,scaling_down_rotation_translation,0.06376004219055176
../MICC-F220/DSC_1535tamp25.jpg,DSC_1535tamp25.jpg,True,2323,126,22,0.1746031746031746,scaling_down_rotation_translation,0.06479144096374512
../MICC-F220/DSC_1535tamp27.jpg,DSC_1535tamp27.jpg,True,2322,118,23,0.19491525423728814,scaling_down_rotation_translation,0.06486868858337402
../MICC-F220/DSC_1535tamp37.jpg,DSC_1535tamp37.jpg,True,2318,113,24,0.21238938053097345,scaling_down_rotation_translation,0.0642099380493164
../MICC-F220/DSC_1538_scale.jpg,DSC_1538_scale.jpg,False,1031,74,21,0.28378378378378377,none,0.04165768623352051
../MICC-F220/DSC_1539_scale.jpg,DSC_1539_scale.jpg,False,1207,41,6,0.14634146341463414,none,0.04367399215698242
../MICC-F220/DSC_1540_scale.jpg,DSC_1540_scale.jpg,False,2896,148,21,0.14189189189189189,none,0.07491683959960938
../MICC-F220/DSC_1540tamp1.jpg,DSC_1540tamp1.jpg,True,2965,179,39,0.21787709497206703,rotation_translation,0.07370758056640625
../MICC-F220/DSC_1540tamp131.jpg,DSC_1540tamp131.jpg,True,2998,177,37,0.20903954802259886,rotation_translation,0.07422447204589844
../MICC-F220/DSC_1540tamp132.jpg,DSC_1540tamp132.jpg,True,2977,180,35,0.19444444444444445,rotation_translation,0.0741124153137207
../MICC-F220/DSC_1540tamp133.jpg,DSC_1540tamp133.jpg,True,2968,185,33,0.1783783783783784,scaling_up_rotation_translation,0.07341241836547852
../MICC-F220/DSC_1540tamp134.jpg,DSC_1540tamp134.jpg,True,2986,191,28,0.14659685863874344,scaling_up_rotation_translation,0.07394838333129883
../MICC-F220/DSC_1540tamp176.jpg,DSC_1540tamp176.jpg,True,3074,196,44,0.22448979591836735,scaling_up_rotation_translation,0.07449674606323242
../MICC-F220/DSC_1540tamp237.jpg,DSC_1540tamp237.jpg,True,3053,193,25,0.12953367875647667,scaling_up_rotation_translation,0.0750737190246582
../MICC-F220/DSC_1540tamp25.jpg,DSC_1540tamp25.jpg,True,3012,185,46,0.24864864864864866,scaling_up_rotation_translation,0.0752720832824707
../MICC-F220/DSC_1540tamp27.jpg,DSC_1540tamp27.jpg,True,3014,197,41,0.20812182741116753,scaling_up_rotation_translation,0.074859619140625
../MICC-F220/DSC_1540tamp37.jpg,DSC_1540tamp37.jpg,True,3025,182,39,0.21428571428571427,scaling_up_rotation_translation,0.07480096817016602
../MICC-F220/DSC_1542_scale.jpg,DSC_1542_scale.jpg,False,1763,99,18,0.18181818181818182,none,0.05241584777832031
../MICC-F220/DSC_1546_scale.jpg,DSC_1546_scale.jpg,False,795,71,20,0.28169014084507044,none,0.037235260009765625
../MICC-F220/DSC_1549_scale.jpg,DSC_1549_scale.jpg,True,543,41,10,0.24390243902439024,scaling_down_rotation_translation,0.0358426570892334
../MICC-F220/DSC_1550_scale.jpg,DSC_1550_scale.jpg,False,543,44,8,0.18181818181818182,none,0.0359492301940918
../MICC-F220/DSC_1554_scale.jpg,DSC_1554_scale.jpg,False,539,50,17,0.34,none,0.030579805374145508
../MICC-F220/DSC_1557_scale.jpg,DSC_1557_scale.jpg,True,1156,68,14,0.20588235294117646,rotation_scaling_translation,0.04324841499328613
../MICC-F220/DSC_1561_scale.jpg,DSC_1561_scale.jpg,False,895,52,15,0.28846153846153844,none,0.038602590560913086
../MICC-F220/DSC_1567_scale.jpg,DSC_1567_scale.jpg,False,1195,98,23,0.23469387755102042,none,0.04568934440612793
../MICC-F220/DSC_1568_scale.jpg,DSC_1568_scale.jpg,False,707,44,11,0.25,none,0.04440164566040039
../MICC-F220/DSC_1568tamp1.jpg,DSC_1568tamp1.jpg,True,736,58,18,0.3103448275862069,scaling_up_rotation_translation,0.03839516639709473
../MICC-F220/DSC_1568tamp131.jpg,DSC_1568tamp131.jpg,True,741,60,18,0.3,scaling_down_rotation_translation,0.03877067565917969
../MICC-F220/DSC_1568tamp132.jpg,DSC_1568tamp132.jpg,True,737,60,17,0.2833333333333333,scaling_up_rotation_translation,0.039833784103393555
../MICC-F220/DSC_1568tamp133.jpg,DSC_1568tamp133.jpg,True,741,61,20,0.32786885245901637,scaling_down_rotation_translation,0.038754940032958984
../MICC-F220/DSC_1568tamp134.jpg,DSC_1568tamp134.jpg,True,737,55,16,0.2909090909090909,scaling_down_rotation_translation,0.041150569915771484
../MICC-F220/DSC_1568tamp176.jpg,DSC_1568tamp176.jpg,True,744,61,16,0.26229508196721313,scaling_up_rotation_translation,0.04940605163574219
../MICC-F220/DSC_1568tamp237.jpg,DSC_1568tamp237.jpg,True,752,62,16,0.25806451612903225,scaling_down_rotation_translation,0.04994320869445801
../MICC-F220/DSC_1568tamp25.jpg,DSC_1568tamp25.jpg,True,746,60,20,0.3333333333333333,scaling_down_rotation_translation,0.04611396789550781
../MICC-F220/DSC_1568tamp27.jpg,DSC_1568tamp27.jpg,True,758,62,17,0.27419354838709675,scaling_down_rotation_translation,0.04852604866027832
../MICC-F220/DSC_1568tamp37.jpg,DSC_1568tamp37.jpg,True,747,61,19,0.3114754098360656,scaling_up_rotation_translation,0.04631972312927246
../MICC-F220/DSC_1570_scale.jpg,DSC_1570_scale.jpg,False,408,28,10,0.35714285714285715,none,0.03268718719482422
../MICC-F220/DSC_1571_scale.jpg,DSC_1571_scale.jpg,False,4842,136,54,0.39705882352941174,rotation_translation,0.0952601432800293
../MICC-F220/DSC_1572_scale.jpg,DSC_1572_scale.jpg,False,1329,73,28,0.3835616438356164,none,0.04032421112060547
../MICC-F220/DSC_1573_scale.jpg,DSC_1573_scale.jpg,False,4186,141,44,0.3120567375886525,none,0.08345985412597656
../MICC-F220/DSC_1575_scale.jpg,DSC_1575_scale.jpg,False,3778,127,20,0.15748031496062992,none,0.082794189453125
../MICC-F220/DSC_1576_scale.jpg,DSC_1576_scale.jpg,False,3711,155,52,0.33548387096774196,rotation_translation,0.07468128204345703
../MICC-F220/DSC_1580_scale.jpg,DSC_1580_scale.jpg,False,3738,137,33,0.24087591240875914,none,0.08137178421020508
../MICC-F220/DSC_1581_scale.jpg,DSC_1581_scale.jpg,False,2506,70,20,0.2857142857142857,none,0.0594937801361084
../MICC-F220/DSC_1595_scale.jpg,DSC_1595_scale.jpg,False,8840,170,61,0.3588235294117647,rotation_translation,0.15987586975097656
../MICC-F220/IMG_32_scale.jpg,IMG_32_scale.jpg,False,3002,199,34,0.1708542713567839,none,0.08019852638244629
../MICC-F220/P1000213_scale.jpg,P1000213_scale.jpg,False,5392,609,89,0.14614121510673234,none,0.11416840553283691
../MICC-F220/P1000231_scale.jpg,P1000231_scale.jpg,False,2598,178,15,0.08426966292134831,none,0.0721902847290039
../MICC-F220/P1000293_scale.jpg,P1000293_scale.jpg,False,348,24,7,0.2916666666666667,none,0.03757190704345703
../MICC-F220/P1000318_scale.jpg,P1000318_scale.jpg,False,9248,181,50,0.27624309392265195,none,0.17144393920898438
../MICC-F220/P1000472_scale.jpg,P1000472_scale.jpg,False,7648,238,57,0.23949579831932774,none,0.14832711219787598
../MICC-F220/P1000528_scale.jpg,P1000528_scale.jpg,False,1203,48,13,0.2708333333333333,none,0.05244302749633789
../MICC-F220/P1000553_scale.jpg,P1000553_scale.jpg,False,1283,45,17,0.37777777777777777,none,0.04873180389404297
../MICC-F220/nikon_7_scale.jpg,nikon_7_scale.jpg,False,4621,229,51,0.22270742358078602,none,0.0982370376586914
../MICC-F220/sony_61_scale.jpg,sony_61_scale.jpg,False,691,49,8,0.16326530612244897,none,0.04684305191040039
../MICC-F220/sony_61tamp1.jpg,sony_61tamp1.jpg,True,743,78,32,0.41025641025641024,scaling_up_rotation_translation,0.0396878719329834
../MICC-F220/sony_61tamp131.jpg,sony_61tamp131.jpg,True,747,70,23,0.32857142857142857,scaling_up_rotation_translation,0.04125404357910156
../MICC-F220/sony_61tamp132.jpg,sony_61tamp132.jpg,True,752,74,31,0.4189189189189189,scaling_up_rotation_translation,0.03939390182495117
../MICC-F220/sony_61tamp133.jpg,sony_61tamp133.jpg,True,745,78,26,0.3333333333333333,scaling_up_rotation_translation,0.04187917709350586
../MICC-F220/sony_61tamp134.jpg,sony_61tamp134.jpg,True,738,74,27,0.36486486486486486,scaling_down_rotation_translation,0.04048037528991699
../MICC-F220/sony_61tamp176.jpg,sony_61tamp176.jpg,True,774,75,29,0.38666666666666666,scaling_up_rotation_translation,0.04214596748352051
../MICC-F220/sony_61tamp237.jpg,sony_61tamp237.jpg,True,765,75,26,0.3466666666666667,scaling_up_rotation_translation,0.04082226753234863
../MICC-F220/sony_61tamp25.jpg,sony_61tamp25.jpg,True,758,77,32,0.4155844155844156,scaling_up_rotation_translation,0.03900456428527832
../MICC-F220/sony_61tamp27.jpg,sony_61tamp27.jpg,True,775,80,33,0.4125,scaling_down_rotation_translation,0.04239082336425781
../MICC-F220/sony_61tamp37.jpg,sony_61tamp37.jpg,True,768,81,34,0.41975308641975306,scaling_up_rotation_translation,0.04622960090637207
../MICC-F220/sony_63_scale.jpg,sony_63_scale.jpg,False,986,45,8,0.17777777777777778,none,0.05556774139404297
../MICC-F220/sony_64_scale.jpg,sony_64_scale.jpg,False,495,39,11,0.28205128205128205,none,0.047530174255371094
../MICC-F220/sony_65_scale.jpg,sony_65_scale.jpg,False,2406,68,17,0.25,none,0.07457995414733887
../MICC-F220/sony_66_scale.jpg,sony_66_scale.jpg,False,3793,108,19,0.17592592592592593,none,0.08855247497558594
../MICC-F220/sony_67_scale.jpg,sony_67_scale.jpg,False,1605,96,29,0.3020833333333333,none,0.05426836013793945
../MICC-F220/sony_68_scale.jpg,sony_68_scale.jpg,False,1601,45,14,0.3111111111111111,none,0.05375933647155762
../MICC-F220/sony_69_scale.jpg,sony_69_scale.jpg,False,1637,65,16,0.24615384615384617,none,0.05723261833190918
../MICC-F220/sony_70_scale.jpg,sony_70_scale.jpg,False,3166,94,27,0.2872340425531915,none,0.07599401473999023
../MICC-F220/sony_71_scale.jpg,sony_71_scale.jpg,False,1483,47,10,0.2127659574468085,none,0.05479288101196289
../MICC-F220/sony_72_scale.jpg,sony_72_scale.jpg,False,1646,50,20,0.4,none,0.05160212516784668
